Dataset Name,Runtime (seconds),Memory Usage (MB) [psutil],Peak Memory (MB) [tracemalloc],Frequent Itemsets
DataFile_T=250_I=20_S=10.txt,2.561065912246704,3.74609375,2.010897636413574,195
DataFile_T=250_I=20_S=15.txt,4.20871639251709,0.5390625,1.9415607452392578,603
DataFile_T=250_I=20_S=20.txt,11.33722710609436,4.53125,5.9006500244140625,2032
DataFile_T=250_I=20_S=5.txt,1.2084202766418457,0.046875,0.3438282012939453,26
